{"cameraMode":{"drawMode":0,"name":"Shaded","section":"Shading Mode"},"sceneLighting":false,"audioPlay":false,"sceneViewState":{"m_AlwaysRefresh":false,"showFog":true,"showSkybox":false,"showFlares":true,"showImageEffects":true,"showParticleSystems":true,"showVisualEffectGraphs":true,"m_FxEnabled":true},"in2DMode":false,"pivot":{"x":0.13066136837005616,"y":1.2962183952331544,"z":-0.13858938217163087},"rotation":{"x":-0.26985061168670657,"y":-0.1716025322675705,"z":0.048936065286397937,"w":-0.9462301731109619},"size":0.8079259991645813,"orthographic":false}