{"cameraMode":{"drawMode":0,"name":"Shaded","section":"Shading Mode"},"sceneLighting":false,"audioPlay":false,"sceneViewState":{"m_AlwaysRefresh":false,"showFog":true,"showSkybox":false,"showFlares":true,"showImageEffects":true,"showParticleSystems":true,"showVisualEffectGraphs":true,"m_FxEnabled":true},"in2DMode":false,"pivot":{"x":-2.384185791015625e-7,"y":1.0000004768371583,"z":1.7881393432617188e-7},"rotation":{"x":-0.08713027834892273,"y":-0.03974005579948425,"z":0.0034832560922950508,"w":-0.9954079389572144},"size":0.8660253882408142,"orthographic":false}