{"cameraMode":{"drawMode":0,"name":"Shaded","section":"Shading Mode"},"sceneLighting":true,"audioPlay":false,"sceneViewState":{"m_AlwaysRefresh":false,"showFog":true,"showSkybox":true,"showFlares":true,"showImageEffects":true,"showParticleSystems":true,"showVisualEffectGraphs":true,"m_FxEnabled":true},"in2DMode":false,"pivot":{"x":0.3732125759124756,"y":0.8996851444244385,"z":1.090189814567566},"rotation":{"x":0.04785742238163948,"y":-0.7397483587265015,"z":0.052903350442647937,"w":0.669102668762207},"size":2.5556044578552248,"orthographic":true}