{"cameraMode":{"drawMode":0,"name":"Shaded","section":"Shading Mode"},"sceneLighting":true,"audioPlay":false,"sceneViewState":{"m_AlwaysRefresh":false,"showFog":true,"showSkybox":true,"showFlares":true,"showImageEffects":true,"showParticleSystems":true,"showVisualEffectGraphs":true,"m_FxEnabled":true},"in2DMode":false,"pivot":{"x":-0.4279310703277588,"y":3.2696213722229006,"z":0.09220848232507706},"rotation":{"x":0.004190140403807163,"y":0.011096716858446598,"z":0.00004696897667599842,"w":-0.9999300837516785},"size":4.792724609375,"orthographic":false}