{"cameraMode":{"drawMode":0,"name":"Shaded","section":"Shading Mode"},"sceneLighting":false,"audioPlay":false,"sceneViewState":{"m_AlwaysRefresh":false,"showFog":true,"showSkybox":false,"showFlares":true,"showImageEffects":true,"showParticleSystems":true,"showVisualEffectGraphs":true,"m_FxEnabled":true},"in2DMode":false,"pivot":{"x":2.248889446258545,"y":1.6760740280151368,"z":-1.4609708786010743},"rotation":{"x":0.029743384569883348,"y":-0.5060966610908508,"z":0.017467468976974489,"w":0.8617903590202332},"size":1.276951789855957,"orthographic":true}