{"cameraMode":{"drawMode":0,"name":"Shaded","section":"Shading Mode"},"sceneLighting":false,"audioPlay":false,"sceneViewState":{"m_AlwaysRefresh":false,"showFog":true,"showSkybox":false,"showFlares":true,"showImageEffects":true,"showParticleSystems":true,"showVisualEffectGraphs":true,"m_FxEnabled":true},"in2DMode":false,"pivot":{"x":-0.020335912704467775,"y":1.806999921798706,"z":-9.247858047485352},"rotation":{"x":0.023864245042204858,"y":0.4474567472934723,"z":0.011946015991270543,"w":-0.8939080238342285},"size":1.5497424602508546,"orthographic":false}