{"cameraMode":{"drawMode":0,"name":"Shaded","section":"Shading Mode"},"sceneLighting":false,"audioPlay":false,"sceneViewState":{"m_AlwaysRefresh":false,"showFog":true,"showSkybox":false,"showFlares":true,"showImageEffects":true,"showParticleSystems":true,"showVisualEffectGraphs":true,"m_FxEnabled":true},"in2DMode":false,"pivot":{"x":-2.2822446823120119,"y":0.17032171785831452,"z":3.088855266571045},"rotation":{"x":-0.00172133045271039,"y":-0.9732742309570313,"z":0.0072997515089809898,"w":-0.22953090071678163},"size":0.676103413105011,"orthographic":true}